{
  "_fv": 47,
  "_type": "recipe",
  "definition": {
    "recipeType": "Brewing",
    "recipeRetstackSize": 1,
    "group": "",
    "cookingBookCategory": "MISC",
    "xpReward": 0.0,
    "cookingTime": 200,
    "craftingBookCategory": "MISC",
    "recipeShapeless": false,
    "brewingInputStack": {
      "value": "Items.COAL#1"
    },
    "brewingIngredientStack": {
      "value": "CUSTOM:Sulphur"
    },
    "brewingReturnStack": {
      "value": "Items.GUNPOWDER"
    },
    "name": "gunpowder_sulphur_recipe_2",
    "namespace": "mod"
  }
}